[
  {
    "block_id": "21cfff1f-8fd7-47fd-8dd0-a7a32c24995b",
    "signedBlock_id": "h+SYt4OyxiYW9LbnftUTpl2PYDx5TBQpzKXJC2ufeEdzXfiHsUyd9seYXm7FaOKUPCOfeSwRn0VxmkfsgjO+MAFAnBQAlFOt/8zf34TV6ZqXADfUzOS1mpZUz9CShsw9Fas8P0RwLKF3r2PFmgZjEZoKbxAr2u2xItoY/RgIt2Y\u003d",
    "timeStamp": "1677556888984.2",
    "block_num": "13",
    "first_name": "Joe",
    "last_name": "DiMaggio",
    "data_of_birth": "1914.11.25",
    "SSN": "111-22-3333",
    "diagnosis": "SoreKnees",
    "treatment": "RestFromSports",
    "prescription": "Aspirin",
    "hashValue": "9b1fdee3b7d5636bfa014e10be17239391cf2a2e7e8c127d3c387ae90eda03bd",
    "signedHashValue": "EwQp1bf0HwCskPOw9j5Equ8hX+t6VVXtgnapy4QC+VzddCh9CRJaJKfe1Vsu669OHPpLs2gCW4Am7piKYSjnX1NgszveGye/Rbiiq0vTWT96v4MjjH6FStaa19gg9YH+sE91TRw/80bhWEnF3osaKTIcib4LyOzBuE+S5czLSGY\u003d",
    "hashOfPreviousBlock": "06D562F0F7857BC3235E7DBB2CEF6F1217545CAF8EAE9CBAD2172745326A2794",
    "hashOfWinningBlock": "2E66EB5D5BD10E4450EE061A03246B9756015E73BFF337BBB8E6EC03E6C7F81F",
    "signedHashOfWinningBlock": "dJzP+Kv+POMO4TvCWiH8iimoehMQQb7Q3W74sn18YJormluDhgmaOBonfwzmgc+z7ywu/JRJtCWRAOYS/ylJSKBiE4uB7ss/FF3pNvCFPlvUKK6dxdIlONCYdS8m/S2W6fQScgS+T3b9WBoByxGfbpTxKmQcXviLrp/0Rv3Oh2s\u003d",
    "randomSeed": "Y72UY46N",
    "processIdVerify": "2",
    "process": "2"
  },
  {
    "block_id": "49b01baf-ccc4-4a09-9e4a-ce5e3b5563b7",
    "signedBlock_id": "mosgGHYwP+VJJrTyx64Riq0AyUjUoAjfA03OdXY1k6LWblGKJpMBo/WiVHswK79kT/HzG9fkTD0A8K3NGnPonRLY2XXh1R6E6uN8So6sOBoYUHfl1ZRBvPA2Yv8Z5yKh5LfGiLlEo4TLe0EqkIbPRovJ70P5ZwMoZImtHkU1ixM\u003d",
    "timeStamp": "1677556888890.1",
    "block_num": "12",
    "first_name": "Bruce",
    "last_name": "Lee",
    "data_of_birth": "1940.11.27",
    "SSN": "456-789-123",
    "diagnosis": "SoreStomach",
    "treatment": "LessCombat",
    "prescription": "Vicodine",
    "hashValue": "fd6a9e5bce970460820c4a65dd42d97901684351c4492a458b78ac6499b84d48",
    "signedHashValue": "TypfgtM5K3I5VegGCDDlLncWzj2lm7efTvh4GMA2eCtljrDw4JLavs2cFUmyBGHxwKKLqJVY8IhGz7uSlr6hxxZkfk5t8nGBFIpaR0eC3te64mpm0WCtAZXdiXOcekDUfk68KLX+zYaq8CyKs28yLsca4T7BiyeyZpYopRAcQtE\u003d",
    "hashOfPreviousBlock": "236C8E62C640E83C63BD08C5E2A561ADAFD3EA45092D80B0D1B9EF6130591ADC",
    "hashOfWinningBlock": "06D562F0F7857BC3235E7DBB2CEF6F1217545CAF8EAE9CBAD2172745326A2794",
    "signedHashOfWinningBlock": "ZqM1yzswgIdqWM3jLnHzBnwx79EC0oCd8J604iSKuH0SmECVRwjdPQAWwd5UY6Jtl1PgJma6XoGlm8RrI42FcObOAAjHXTGiWvb+Md0BgbthYLSwC4/oGI8TBIq7l13MiP3djyjT06ddsyp9IbGjnDUkB7G2qrSrItnm2c8ZcnQ\u003d",
    "randomSeed": "8QQZ4JJO",
    "processIdVerify": "2",
    "process": "1"
  },
  {
    "block_id": "eab92fb8-b805-4ae1-bdbc-456655a5f2e6",
    "signedBlock_id": "Tyq/RQEi/M8wD5hxvo1Ydc12qNaMNTp8/ExokgLIVYzhtELF8rQkIuw867cmBwE+fiSOBibsVjrsaMFuW1yryx3r9fcuf/LOpemfQmsqs4Q/9t964i7z8drjd5zNkOWeIKQTvAmOEzzdML3fser0ukR8Saq/Nfa1wc+AKiUxoBw\u003d",
    "timeStamp": "1677556888626.0",
    "block_num": "11",
    "first_name": "Wayne",
    "last_name": "Blaine",
    "data_of_birth": "1942.07.07",
    "SSN": "123-45-6777",
    "diagnosis": "Measles",
    "treatment": "WaitToGetBetter",
    "prescription": "CodLiverOil",
    "hashValue": "9dd47ef008306fe9456f7aa6820a0b86f76c46293e896985966315756ccb9a60",
    "signedHashValue": "ZDnYnGjdHfT7DtqYYk19qHGYF41rJrg2/GAXpGcj7LApE0yYED5aHPrWzyYR2Kq1Y7IWn5s7clRbg2jMjQJSWaDG5DXboFh78a/2I+xWq2FZl/MV9wCi9TIMCoSdRw2JRN6TaXgQPB7uAAXyAQhsDd5IFdLgbQZJz/YxUD8MrU0\u003d",
    "hashOfPreviousBlock": "02C8100CFB05AA4A9D8F0257F88DC0B271D3EBB443774A7E981A40736B077EA4",
    "hashOfWinningBlock": "236C8E62C640E83C63BD08C5E2A561ADAFD3EA45092D80B0D1B9EF6130591ADC",
    "signedHashOfWinningBlock": "OZAD+ulrrtaq3wJ5L+zg09wB5oRl1yyxkvuEysVNb2xob+dTgXEI0i8DAvdHVwLuYs5p9cI8gZP5n3TVqL3SV4XVKGmMEY28N24Vss0GXNu3donRiO6Mc6jz6AjGmmtY0j0nU1znPewrhwO7pW/GgX62r+HUJqZELGSPbbROfHU\u003d",
    "randomSeed": "002KF5RB",
    "processIdVerify": "2",
    "process": "0"
  },
  {
    "block_id": "f42f7c1a-2aa1-4063-b21e-5d40353a4c44",
    "signedBlock_id": "kHMywaPkhN/zrTLU7WRJcytLh+2Jm+GvfXfhmr4Az98TkUKnNpOQWfXlRUxEbXniN/jrHEEKf+Q9X7ApgmuNpJQ2qKBySrV80x73xaf2d/yaSPvdNzm+O5OWFgTOyY+CeFJOZIDd1rQkH39ianibpeZJ7MMPPwFMGs5VfcOdmi4\u003d",
    "timeStamp": "1677556887972.2",
    "block_num": "10",
    "first_name": "John",
    "last_name": "Kennedy",
    "data_of_birth": "1917.05.29",
    "SSN": "333-45-6999",
    "diagnosis": "AddisonsDisease",
    "treatment": "DrugTherapy",
    "prescription": "Steroids",
    "hashValue": "d4d0aa8da7be50a63053e6a5f3d7b9cf7c93564d72806825996b81d4b333e172",
    "signedHashValue": "CkyFcOJhiKXSP7kThNfiqnpGKzD0bXIuO1TChaAhMsnP872yX3sWWZ2dzfnKQ7O6qNSHlCu1d7w6P0hVsodOYO8pI5KpjayB/zv8EcsbiRIcc732/PBUE153xKqVtGVEMFCK+EwO1WVa/84OIa4K0UBbLf3tlV0pS9aw1K2wlzQ\u003d",
    "hashOfPreviousBlock": "2AA9E3413D450812D039884A48185126828EE4B924C64D07E6C4CD07271CC50F",
    "hashOfWinningBlock": "02C8100CFB05AA4A9D8F0257F88DC0B271D3EBB443774A7E981A40736B077EA4",
    "signedHashOfWinningBlock": "dFcdtNnBEV1XsxOY3d5kGTBEHDgl2KOCh1NeAGFiFt8vNEg5IMI5hjcNmYzeU99wEwVywUS3cqQnKQOHbF0hDVkMvhLgBm+lDRliMNykJgvN5Rm+m8WtCwOP2NxJ/qautgdp8wxQJSbVCYcBNAcyA7415wYJUJMnfG+jOHEop/c\u003d",
    "randomSeed": "8UAPGDUZ",
    "processIdVerify": "2",
    "process": "2"
  },
  {
    "block_id": "a0adaf35-6350-49c7-891c-bfece2a69e03",
    "signedBlock_id": "N9MLVtJyqsqZcV8CdodhBsj2MbJWRo/qp3MRCJ8N8vxDtBTBhy2ugJGnjrGfCGAkE7vvMQzXYPYg17D5YPzYUVhFI//UUyjU/qywtBNB4jJGCICOGVOTrMLrK65wr/hbuLo8MuDQ+/PPU1GDoZBxLiuhuTNt87vfviw8fVwTIE0\u003d",
    "timeStamp": "1677556887878.1",
    "block_num": "9",
    "first_name": "Sally",
    "last_name": "McCutty",
    "data_of_birth": "1970.01.01",
    "SSN": "123-456-999",
    "diagnosis": "Migraine",
    "treatment": "IcePack",
    "prescription": "Almotriptan",
    "hashValue": "327c04587ada84ed8620ad3bb178e10d01a35804ca623040569b9f1e87ab3ff0",
    "signedHashValue": "chJTWLFRdkmNkKKxdZDkJCWWl55eCF+9d2jW2P+708dZ1psA7pb1cezJwuVFcrH6fEZbY3iFOSkj8AKyjCG0avAywZ+g/O6ZBBsqDN0BXNXKP9IQ1zqaSkq98Syv73vRia6CdTjKxHmqEB8nFBn7CJNM1fa/CDNS15vVZScVSRg\u003d",
    "hashOfPreviousBlock": "3C51A881CAC8462BEE94F1DEDA29D1D036E3AD2B37ED5CC2B108B776BE90E33C",
    "hashOfWinningBlock": "2AA9E3413D450812D039884A48185126828EE4B924C64D07E6C4CD07271CC50F",
    "signedHashOfWinningBlock": "YIPiOWp2Z7FC0gfxa2OYlxszW+9GfJl+J9IA+K6ZmeKc/izRk/mlDBp40OzQ2fHsHedUAqT7xzJBWezKwtx3HfzxSvqsNf2UNK2kfHm4LFbm9hx2DNe1SglE3Buw+mE5KVuKnwoY6g9LGFxjJTOvBFCR3cOPDxq3k5ZLIrQStXE\u003d",
    "randomSeed": "T5O2B4SR",
    "processIdVerify": "2",
    "process": "1"
  },
  {
    "block_id": "c613876e-7c9b-4ba4-8e9f-7ada1bf4adb3",
    "signedBlock_id": "LLy67iiU4yAkqjrk+0dXfwAvLDqCQHWrmJ/0o3rlkfm7dWiZDq3tR6N/CIyYhT+HDUoVokYgH6SlTZt1eYpW9rYnsuxeXD+lHe/eLhGaFL5Clacv6icMXtD2XpGcVv//IQ0DXPriLlRLf2yHeFfy2crn5XJlqY3agqu6YxfOx4I\u003d",
    "timeStamp": "1677556887608.0",
    "block_num": "8",
    "first_name": "Julie",
    "last_name": "Wilson",
    "data_of_birth": "1996.03.07",
    "SSN": "123-45-6999",
    "diagnosis": "Insomnia",
    "treatment": "Exercise",
    "prescription": "HotPeppers",
    "hashValue": "a8a07314379f8513757f1abf5e6f86bbfbd4d13052ee6cc4d83bedd510eb66ed",
    "signedHashValue": "opeucMvoKtaDvAW1ju/11prLNHIH8xN5a2B29EyzFzN4ORAj1UuVEq0PBzWaE40PfXWDNvZ57OoSOjv2Rc0RXH11SMSM5uIwIgo71ce2b+sbqIVPvirewLDvti8cc20Ql5LSQYBOlwQZjZjOkCg6/THPZ7iE4Wy0cX0VEoXfc+U\u003d",
    "hashOfPreviousBlock": "01D196BF531C308FA273336B418137AA13B9C08DDE229B88ACABAB3A4E6BA3E2",
    "hashOfWinningBlock": "3C51A881CAC8462BEE94F1DEDA29D1D036E3AD2B37ED5CC2B108B776BE90E33C",
    "signedHashOfWinningBlock": "Ktddg5dwmEjKUjD1fNzbeDiF2OIoIqbR1h2dCSXiU0VDiY1NlkM6MLzHL877/HkyXLxiJvYr64ES7g74JgPW4BQ5zQBbPMk12ivJ/FLZptgkzqlFYhsd+RgJlcvnC2SgAj6vKE2SPGGY2dtkXylBL9OD8SEpFCmL2w7SuYv48eE\u003d",
    "randomSeed": "RR4YVVOX",
    "processIdVerify": "1",
    "process": "0"
  },
  {
    "block_id": "0ec50bab-d1bf-402d-9400-614c87bb5a72",
    "signedBlock_id": "JFVdVUZ7UlTcD0xVq9WQa9s4CpdEB+uqh6mDMqzDoIcZmQ8h4wSWCO8PsYVVDvCeZFp20yYaQM9RlFR8Ip+d9R7h+d77ww6GMF1LQ5UihH1+F5cyQrxpZ/i0f1+BdIB18VCjFVRqF60tDec7CIdeTL7JTfgPX3bF78SqtO4Szgs\u003d",
    "timeStamp": "1677556886953.2",
    "block_num": "7",
    "first_name": "Abraham",
    "last_name": "Lincoln",
    "data_of_birth": "1809.02.12",
    "SSN": "444-45-6888",
    "diagnosis": "GreviousWound",
    "treatment": "Surgery",
    "prescription": "Whiskey",
    "hashValue": "320c9a2db9b3e561d8897353eaf186703a6f06711dab0f99de056564215651cb",
    "signedHashValue": "IYmTa8U7GARhRYE2WeyAkAIa/2sD1YXm99vI+ge5Iw9wMs+ooJYs/gzKiP1S4OuKB8QRKOcMhCAI9EOSUxzAUgN9Utc0bV4xjHIRdBMMmBLJHB83oy7bT+0yPNCBarwWC4atSTABVHEIjmX9RkE2SVSiNRn1ozyFW2skgqWwUaU\u003d",
    "hashOfPreviousBlock": "3606C748BE8C2461AA13BD5052DF990B8C55D42EFEAFAC71A4CA0A56C8FC1ADA",
    "hashOfWinningBlock": "01D196BF531C308FA273336B418137AA13B9C08DDE229B88ACABAB3A4E6BA3E2",
    "signedHashOfWinningBlock": "H36WzQlQ+EeLILOuUpRzAdn4UCTBZnY0XCODW2lrIgOkFPpx+6JCGPiIRgLtB0JQ5WGiGEymDAMsGv7GBw1lf71SmI746gkWg94X8gmHZ8kiWcC7gCRJQTe8cAW54C/j03f3y6Ntge1nogLSiYSBQnAvfoYqF/2fScP2pJl4i3s\u003d",
    "randomSeed": "H76U9CMD",
    "processIdVerify": "0",
    "process": "2"
  },
  {
    "block_id": "d25898b6-3420-4cb1-9c97-171181447d20",
    "signedBlock_id": "JtS658/RJg2lT113bYU+b9Lsjgl/YzCA5M6zjysowESiRK/XIxifmGX8OVozJ5ztzGLZmIWOvfGq4dEKmfOqv8APlc9Ghf2ODYK2x7w7VZfJJVIhL+Uw6bllHMIcB1yO7dEz6vt2Aa0VlnWJHNbv4HorMkDzcoqkbRO3Lm1ytKk\u003d",
    "timeStamp": "1677556886861.1",
    "block_num": "6",
    "first_name": "Wei",
    "last_name": "Xu",
    "data_of_birth": "1996.03.22",
    "SSN": "123-456-333",
    "diagnosis": "Shingles",
    "treatment": "WaitForRelief",
    "prescription": "Zovirax",
    "hashValue": "ef2a7f53163a60afa88afa9448e98ae8bc5ccbc5cc4ba5e67cc6a4e116b1b59f",
    "signedHashValue": "FF3hR7Pci1G0Y3WG9Z2syyt7bR7ynpwu+wupPllb86qbs77KgoKQjaL5HTyRQxyi7rDwhP83r8wlsLrRCiD6lkg8wQUYsGzFOZh8wp+aoIJdYf2JVDu7gKL9EBe0k4VYJokhzirLwpHmPuBDqlXpGx/k0reXoUI1vrVwwRPQeUE\u003d",
    "hashOfPreviousBlock": "4B2A9F79AC772115838C172775CFF71CD7AD958858A7A9517D2D1408415135FA",
    "hashOfWinningBlock": "3606C748BE8C2461AA13BD5052DF990B8C55D42EFEAFAC71A4CA0A56C8FC1ADA",
    "signedHashOfWinningBlock": "GENY37MlRfo7HlQOX+4W44NcVB8g9ltd9n8dP+yEq5mPScUo22poWedFCWm2EBrVneUtnxufZvYMmRsCx7C6sODcBkAiI3GXHVQgjYkvC75zS7t3vqnZaqxeAuHvKb+CP05V2cqUR+xo5NDdoPiljERLK/CNCL8c6riMJFzaQbE\u003d",
    "randomSeed": "C4ZGL1YL",
    "processIdVerify": "0",
    "process": "1"
  },
  {
    "block_id": "bcb9fecd-4985-42f9-ba9f-dfe3fc91d793",
    "signedBlock_id": "C9L9R2BCkFXldbC49NRhksM6rf8RmvTHMWeUPDtSpMm3u57doW9/yVBaCufd+xv3jZfrLyxQe/1TeAEROG7O+o/M4B63+6kR4dHGNgpL6HlcDyFMrCii8avw+gI20VRUmfYuHUBkNH7cbN269RNKD+DBOfzVpgbkJAuZFraIPq0\u003d",
    "timeStamp": "1677556886595.0",
    "block_num": "5",
    "first_name": "Joe",
    "last_name": "Blow",
    "data_of_birth": "1996.03.07",
    "SSN": "123-45-6888",
    "diagnosis": "Smallpox",
    "treatment": "BedRest",
    "prescription": "Whiskey",
    "hashValue": "80c866e248b7d533784043406de085731daae8a7e50d626ccb8630c1ae31aa10",
    "signedHashValue": "ezC7bDUM8hxcroaGz/s077jDynlyvEREDyL7V0GmjGAt//Z+sZc9OR0NPzC30LE2kWiLkNEjbSxoXU6p5Hb1SDGtHIekCIs6GKJ8opcX6iS+JMI+W3K1d+BE0+NzwlITZaxKX9PH5lcoVxZQdehC7qUqZa5oEaVWCtYkhCruZPU\u003d",
    "hashOfPreviousBlock": "2567AFE614F0DD34A4B79CF40A7D8A11E731848D2279E9973DD8FB98830CE01A",
    "hashOfWinningBlock": "4B2A9F79AC772115838C172775CFF71CD7AD958858A7A9517D2D1408415135FA",
    "signedHashOfWinningBlock": "q4+2k0Illa7ipIg4r0fXLBlM00v0eEcnfXhYQtOWFxtJiLUEE9m24fu0nuom39XZfjFTb4+gKm7lmlR7xhQAezEBrknF6fxeQWMjqsqFT+C6WqtgSjT5N5W60CjYj3CrVbsNQhGoNOI08jbthMYjrNDEkC7upZK65LM9I4cxoFc\u003d",
    "randomSeed": "Y36Z3RAR",
    "processIdVerify": "2",
    "process": "0"
  },
  {
    "block_id": "33f7f433-554a-49ce-a7ba-c6e381e4a6b9",
    "signedBlock_id": "ZZWsPleWIoqs0BtoBfLewn/pNeJL+tGSrJR8zuUYQLo03tGpltDr6kxt6q69wKXSEmdmG7r9Z1ESjfezqLUmip2BgUwxZf4cW6ZfSyEHNU9pxwSuoTzvZVMASrT7O2U6q5g3Gd6mO0bLNKMcocz2HjAlPeNYpAeoXkjyIE+0Hdk\u003d",
    "timeStamp": "1677556885886.2",
    "block_num": "4",
    "first_name": "Helen",
    "last_name": "Keller",
    "data_of_birth": "1880.06.27",
    "SSN": "666-45-6789",
    "diagnosis": "Arthritis",
    "treatment": "WarmCloths",
    "prescription": "Aspirin",
    "hashValue": "fe5f2c8add5f42fba793f05e885ef33ed8df5acb9a8dfe1e6e254f11769fdabf",
    "signedHashValue": "aSRXQT+DtVGFV00VDPY5pzCkGrdpIz2SbPteSHMvBQSyTRvi1/B+HnEYJEwVvxoUmCp2D+Sem0EBy3eoxnLwxQuVlRZqy7+EQ2XM+FSrtJLzchkE+ZPvjIZSE0NP0Z4SHxSDUb8ZFEtxGicy5GZIxKFJ09zXT+7FRhCnLu6dMWI\u003d",
    "hashOfPreviousBlock": "106BCE75FF7EEA2805166E195E3F706545C01B904163A72D1951160DFC6EBB40",
    "hashOfWinningBlock": "2567AFE614F0DD34A4B79CF40A7D8A11E731848D2279E9973DD8FB98830CE01A",
    "signedHashOfWinningBlock": "RW9TFuCRjsTvSwgMxF2sx1hKxDpCI83SlepuskUPAQ6GGyHlddRoPzMnsqvvP3xuvLZfmX00skA7rb9/zpjzFfOfMwnGO/wyrWcOoRaLBP2yUx3HNEH/O+eF+0oITmmeXqO9AU3h24qIn0D2LibFwDibXujqqvDJ4dcmMNBH5c8\u003d",
    "randomSeed": "4YB9UJR7",
    "processIdVerify": "1",
    "process": "2"
  },
  {
    "block_id": "45482682-65bf-41b6-bf2e-4105752fba5f",
    "signedBlock_id": "lbKumYxuVldM6hm5ee8O1QvK4q8CV4zoDRyb88IdIPv1Ia/5LSmQkCWNe3RvlrCZ6V/wQUNvmZak3hK5s2I2ysRzMt2BaGrYu8GzE2TW4gCIzzRSefCoB/IBoSPmCMtzT4liClLffQ180n9UINs/cXy4pdtXjFYd9MmXDEg5QYM\u003d",
    "timeStamp": "1677556885757.1",
    "block_num": "3",
    "first_name": "Rita",
    "last_name": "Vita",
    "data_of_birth": "1992.01.31",
    "SSN": "999-456-789",
    "diagnosis": "ObessivePersonality",
    "treatment": "TryToRelax",
    "prescription": "Ibuprofen",
    "hashValue": "491b35ee763f43ef99ba568840cdb2cd6b513dab3ecfbfe5ed47246041cf976d",
    "signedHashValue": "hhNxRAr8XbawOxUWrNvxPLGHHGNEbMoc25TqcwfO5qKCNm2icf75PgYMdPbSU28hxNEqJTHv8xFOMt0x5YtRa4O3ce31sF47iQhn/5AY1jGXYt+0B9Y3hvWAP5raMhq02CITPRuBIhKQqD+WPmlHnJjRcZDN/+Ml6KOEjXFtZQU\u003d",
    "hashOfPreviousBlock": "4865BDEA24009B14A57468D6C62EBEC3A947621D48F99474BCDA592147EE8040",
    "hashOfWinningBlock": "106BCE75FF7EEA2805166E195E3F706545C01B904163A72D1951160DFC6EBB40",
    "signedHashOfWinningBlock": "n3SbGl7VV9r6QAzFloovmc626Iq20+nZ06U5owGhF6nUqK0y0EvAfSFSGb/a9rKEAOyzZu6HbAmqhW/kED4WrWTddnc50JOUJ4Z8xxi6OOnDrsp8c/UTDZ9MpntSHkIdyngOdHmGrU4JI/0Ovj6UdcDL9Kr+alzvx4xX5lIQInY\u003d",
    "randomSeed": "ZBTYD6W9",
    "processIdVerify": "2",
    "process": "1"
  },
  {
    "block_id": "bd90965a-9ab7-4161-b63e-72e0c8803e78",
    "signedBlock_id": "U+RB+DhFvYMkldzx2trzfFXBQG/jp+VT1DlPlsmMpN/w2Kd80g3m2UE26Od1Rcz1XN/4EhFIHCNr+E/63f2XhPMc8t7msyp5Lq0zDvnXxEdc+i4M9lNcS3H7k0NMI5O5ltDZIz6EjWM+rKnMbUMMrY1nfnL4iufcxVUCdwP/FEE\u003d",
    "timeStamp": "1677556885565.0",
    "block_num": "2",
    "first_name": "John",
    "last_name": "Smith",
    "data_of_birth": "1996.03.07",
    "SSN": "123-45-6789",
    "diagnosis": "Chickenpox",
    "treatment": "BedRest",
    "prescription": "aspirin",
    "hashValue": "23bd8186ba68c2abdb45743384e7b2d9ad7e4a1b33ac3ffbfa70377f2bba4ce3",
    "signedHashValue": "LwuA2Wi5mkXEQ8j4QNxA+AIgWGGOLJwfrRjoIzq7meB80YrhWuZoQxDAZQgxk7M3Ojhr4yOaw1qOZ1r4Eo8hRnq+SMxYtaeQ7CQWTXekHk5FYA/VndkcXr6ukCY7b8q4MFj84HhudcOi+XcrHpFtaUuk7XkmcmgrVtXVf/fq8WY\u003d",
    "hashOfPreviousBlock": "fafb4b456d2a6103ada3cc7610c9b277cc4bb8890cf359b02b8d5bcea6b8cc1a",
    "hashOfWinningBlock": "4865BDEA24009B14A57468D6C62EBEC3A947621D48F99474BCDA592147EE8040",
    "signedHashOfWinningBlock": "bk/0AmI9IMv6Xwx2Ioks9S4xsdqrAlENKq5S4seZteXrNStTcUhsoSiRc4F24y0JjOpvAp5xmWj7Qm88XAU4wp80iEjGBnzauU5F5FHLEZr6HnRJezt2RARuhmDO8J1AkjJu5BkbZ2l4BUU18Hwvw67/Fe/CAI9zrXClWxQ53MY\u003d",
    "randomSeed": "8YX7FMJE",
    "processIdVerify": "2",
    "process": "0"
  },
  {
    "block_id": "62cef081-85a9-4a9b-9ef6-0b42b94031bc",
    "timeStamp": "1677556885342.0",
    "block_num": "1",
    "first_name": "Nikhil",
    "last_name": "Yakkala",
    "data_of_birth": "1999.09.16",
    "SSN": "187-42-1234",
    "diagnosis": "Meningitis",
    "treatment": "PainMedicine",
    "prescription": "HealthyFood",
    "hashOfPreviousBlock": "1111111111",
    "hashOfWinningBlock": "fafb4b456d2a6103ada3cc7610c9b277cc4bb8890cf359b02b8d5bcea6b8cc1a"
  }
]